user_input,retrieved_contexts,response,reference,faithfulness,answer_relevancy,context_precision,context_recall,context_entity_recall,answer_similarity,answer_correctness
What is the definition of the common cold and what symptoms characterize it?,"['complex of human diseases. Because the common cold is a syndrome of symptoms and\nnot a speciﬁc disease, even the deﬁnition of what constitutes a common cold is debatable\nas discussed below.\nDeﬁnition of common cold\nA common cold is deﬁned by the National Institute for Health and Care Excellence\n(NICE) as “a mild, self-limiting, upper respiratory tract infection characterized by nasal\nstufﬁness and discharge, sneezing, sore throat, and cough” (1). The term “common cold”', 'that\nafter\nasymptomatic\ninfections\nthe\nnext\nmost\ncommon syndrome is an acute self-limiting illness the “common\ncold”, with symptoms such as sore throat, runny nose, nasal\ncongestion, cough and sneezing as illustrated in Figure 2. The\ncommon cold is often referred to as a “head cold” meaning the\nsymptoms are located in the upper airways, whereas more severe\n“ﬂu-like illness” as illustrated in Figure 1 involves systemic\nsymptoms such as fever, muscle aches and pains and malaise. On', 'as the common cold. The common cold is discussed as part of the “iceberg\nconcept” of disease which ranges from asymptomatic infection to severe illness\nand death. The factors inﬂuencing the incidence of colds are discussed:\ncrowding and sociability, stress, smoking and alcohol, immune status, sex, age,\nsleep, season, chilling, nutrition and exercise. The mechanism of symptoms\nrelated to the innate immune response is explained and symptomatic treatments\nare\ntabulated.\nMorbidity associated\nwith', 'is widely used in the medical literature, but it has been argued that the common cold is\nmore of a cultural concept rather than a clinical entity as the disease is usually self-\ndiagnosed and treated by the patient (2). The term common cold has been used for\ncenturies, and it is often associated with a belief that exposure to cold causes the\nsymptoms of disease (3). It is only since the discovery in the 1950’s that respiratory', 'common cold. These infections are hidden and hence “below the water line of an iceberg”. Severe symptoms may reach a threshold to be termed “ﬂu-\nlike illness”and lower respiratory tract infections such as bronchiolitis and pneumonia may not be appreciated as often starting as a common cold.\nEccles\n10.3389/falgy.2023.1224988\nFrontiers in Allergy\n02\nfrontiersin.org']","According to the provided text, the common cold is defined and characterized as follows:

**Definition**
*   The National Institute for Health and Care Excellence (NICE) defines it as a ""mild, self-limiting, upper respiratory tract infection.""
*   It is also described as a ""cultural concept"" rather than a clinical entity because it is usually self-diagnosed and treated by the patient.
*   It is often referred to as a ""head cold,"" meaning the symptoms are located in the upper airways.

**Symptoms**
The common cold is characterized by the following symptoms:
*   Nasal stuffiness and discharge (also described as runny nose and nasal congestion)
*   Sneezing
*   Sore throat
*   Cough","The common cold is a mild, self-limiting upper respiratory tract infection characterized by nasal stuffiness and discharge, sneezing, sore throat, and cough. It is a syndrome rather than a specific disease because many respiratory viruses can cause it.",0.9,,,0.5,,0.9058220004862172,
Which virus is the most common cause of the common cold?,"['viruses such as rhinoviruses (4) cause the common cold that there has been a scientiﬁc\nexplanation for this disease. “All known respiratory viruses are able to produce the illness\ncomplex recognised as the common cold” (5). But the illness complex or syndrome of\nTYPE Review\nPUBLISHED 22 June 2023\n|\nDOI 10.3389/falgy.2023.1224988\nFrontiers in Allergy\n01\nfrontiersin.org', 'terms.\nCommon cold\nRonald Eccles*\nCardiff School of Biosciences, Cardiff University, Cardiff, United Kingdom\nThe common cold is a unique human disease, as it is arguably the most common\ndisease and because of the large number of respiratory viruses causing colds it is\none of the most complex of human diseases. This review discusses the respiratory\nviruses and notes that all these viruses may cause the illness complex recognised', 'recognised by the patient as a common cold (5), and viruses that\nare not classiﬁed as respiratory viruses may also cause common\ncold symptoms when they infect the upper airways such as measles\nviruses (7) and enteroviruses (8), and some bacterial infections may\nalso cause common cold symptoms (9). Table 1 lists the different\ngroups of respiratory viruses. Rhinoviruses are the most common\ncause of common cold as they are found in more than half of', 'mediated by prostaglandins and bradykinin (72).\nBecause of the familiarity of this common syndrome the\ncomplexity and morbidity and mortality of the common cold\ncaused by hundreds of different serotypes of virus is often not\nfully appreciated. The pandemic caused by SARS-CoV-2 has led\nto a revolution in research on respiratory viruses and it is\ninteresting to note that with increased exposure and increased\nimmunity to SARS-CoV-2 world-wide, COVID-19 may now\nevolve to cause a common cold (99).', 'and\nthat\nnearly\nevery\nchild\nwould\nhave\nbeen\ninfected\nby\nmetapneumovirus by the age of ﬁve (10). Human bocavirus was\ndiscovered in 2005 from nasopharyngeal samples in children and\nhas now been shown to cause common cold in children (11).\nRisk factors\nThe common cold is the most common human disease and the\nfactors\ninﬂuencing\nsusceptibility\nto\ndeveloping\ncommon\ncold\nsymptoms have been discussed for thousands of years, and form a\nvery large literature of science and folk-lore (12). The Greeks and']","Based on the provided text, **rhinoviruses** are the most common cause of the common cold, as they are found in more than half of cases.",Rhinoviruses are the most common cause of the common cold.,,,,,,0.9603034742492977,
How does sleep duration affect a person's susceptibility to developing the common cold?,"['cold\nsymptoms\nafter virus\nchallenge\n(39). Those\nsubjects with less than seven hours sleep were almost three times\nmore likely to develop a cold than those with eight or more\nhours sleep (39). This ﬁnding has been conﬁrmed in another\nstudy which reported that shorter sleep duration prior to\nrhinovirus challenge was associated with increased susceptibility\nto the common cold (40). The impact of sleep on immune\nmarkers is not fully understood, and this is not surprising', 'Drugs Aging. (2005) 22(7):577–87. doi: 10.2165/00002512-200522070-00004\n39. Cohen S, Doyle WJ, Alper CM, Janicki-Deverts D, Turner RB. Sleep habits and\nsusceptibility to the common cold. Arch Intern Med. (2009) 169(1):62–7. doi: 10.1001/\narchinternmed.2008.505\n40. Prather AA, Janicki-Deverts D, Hall MH, Cohen S. Behaviorally assessed sleep\nand susceptibility to the common cold. Sleep. (2015) 38(9):1353–9. doi: 10.5665/\nsleep.4968', 'mild common cold symptoms in older children and adults (37, 38).\nSleep\n“Sleep quality is thought to be an important predictor of\nimmunity and in turn susceptibility to the common cold” (39).\nIn a study that challenged subjects with rhinovirus it was found\nthat there was an inverse graded association of average sleep\nduration prior to the challenge and susceptibility to developing\ncommon\ncold\nsymptoms\nafter virus\nchallenge\n(39). Those', 'sleep.4968\n41. Wilder-Smith A, Mustafa FB, Earnest A, Gen L, Macary PA. Impact of partial\nsleep deprivation on immune markers. Sleep Med. (2013) 14(10):1031–4. doi: 10.\n1016/j.sleep.2013.07.001\n42. Wyse CA, Clarke AC, Nordon EA, Murtagh C, Keogh AA, Lopez LM.\nSusceptibility to the common cold virus is associated with day length. iScience.\n(2022) 25(8):104789. doi: 10.1016/j.isci.2022.104789\n43. Shek LP, Lee BW. Epidemiology and seasonality of respiratory tract virus', 'as the common cold. The common cold is discussed as part of the “iceberg\nconcept” of disease which ranges from asymptomatic infection to severe illness\nand death. The factors inﬂuencing the incidence of colds are discussed:\ncrowding and sociability, stress, smoking and alcohol, immune status, sex, age,\nsleep, season, chilling, nutrition and exercise. The mechanism of symptoms\nrelated to the innate immune response is explained and symptomatic treatments\nare\ntabulated.\nMorbidity associated\nwith']","Based on the provided medical context, sleep duration affects susceptibility to the common cold in the following ways:

*   **Inverse Association:** There is an inverse graded association between average sleep duration prior to virus exposure and the likelihood of developing common cold symptoms.
*   **Increased Risk with Less Sleep:** Individuals who sleep less than seven hours are almost three times more likely to develop a cold compared to those who sleep eight or more hours.
*   **Susceptibility:** Shorter sleep duration prior to a rhinovirus challenge is associated with increased susceptibility to the common cold. 
*   **Immunity Predictor:** Sleep quality is considered an important predictor of immunity, which in turn affects susceptibility to the common cold.",Shorter average sleep duration before rhinovirus exposure is associated with greater susceptibility to developing common cold symptoms.,,,,1.0,0.999999995,0.8834733228884906,
